customerName,customerEmail,customerMobile
Rony Ahmed,rony.ahmed@example.com,1711000101
Hasan Ali,hasan.ali@example.com,1822000102
Kamrul Islam,kamrul.islam@example.com,1933000103
Sohan Miah,sohan.miah@example.com,1644000104
Nafis Khan,nafis.khan@example.com,1555000105
Rafsan Hossain,rafsan.hossain@example.com,1711000106
Mehedi Hasan,mehedi.hasan@example.com,1822000107
Imran Hossain,imran.hossain@example.com,1933000108
Sakib Rahman,sakib.rahman@example.com,1644000109
Towhid Alam,towhid.alam@example.com,1555000110
Arifur Rahman,arifur.rahman@example.com,1711000111
Mahmud Hasan,mahmud.hasan@example.com,1822000112
Sajib Karim,sajib.karim@example.com,1933000113
Tareq Aziz,tareq.aziz@example.com,1644000114
Fahim Ali,fahim.ali@example.com,1555000115
Samiul Islam,samiul.islam@example.com,1711000116
Miraj Khan,miraj.khan@example.com,1822000117
Faisal Hossain,faisal.hossain@example.com,1933000118
Rayhan Mahmud,rayhan.mahmud@example.com,1644000119
Jahid Hasan,jahid.hasan@example.com,1555000120
Sabbir Ahmed,sabbir.ahmed@example.com,1711000121
Rasel Miah,rasel.miah@example.com,1822000122
Nayeem Hasan,nayeem.hasan@example.com,1933000123
Ridoy Khan,ridoy.khan@example.com,1644000124
Ashik Rahman,ashik.rahman@example.com,1555000125
Shanto Hossain,shanto.hossain@example.com,1711000126
Rubel Islam,rubel.islam@example.com,1822000127
Maruf Ali,maruf.ali@example.com,1933000128
Hridoy Islam,hridoy.islam@example.com,1644000129
Tanvir Ahmed,tanvir.ahmed@example.com,1555000130
Rakib Hasan,rakib.hasan@example.com,1711000131
Niaz Miah,niaz.miah@example.com,1822000132
Ishfaq Rahman,ishfaq.rahman@example.com,1933000133
Sajid Islam,sajid.islam@example.com,1644000134
Tahmid Khan,tahmid.khan@example.com,1555000135
Yasin Arafat,yasin.arafat@example.com,1711000136
Rahat Hasan,rahat.hasan@example.com,1822000137
Salman Rahman,salman.rahman@example.com,1933000138
Shihab Uddin,shihab.uddin@example.com,1644000139
Adnan Karim,adnan.karim@example.com,1555000140
